domain,usage,publisher_type,independent_check,attribution_template,processing_note_template
disclosure2.edinet-fsa.go.jp,quotable,company_disclosure,no,出典：EDINET閲覧（提出）サイト（{url}）、PDL1.0（https://www.digital.go.jp/resources/open_data/public_data_license_v1.0）,EDINET閲覧（提出）サイト（{url}）をもとに本サイト作成
disclosure2dl.edinet-fsa.go.jp,quotable,company_disclosure,no,出典：EDINET閲覧（提出）サイト（{url}）、PDL1.0（https://www.digital.go.jp/resources/open_data/public_data_license_v1.0）,EDINET閲覧（提出）サイト（{url}）をもとに本サイト作成
api.edinet-fsa.go.jp,quotable,company_disclosure,no,出典：EDINET閲覧（提出）サイト（{url}）、PDL1.0（https://www.digital.go.jp/resources/open_data/public_data_license_v1.0）,EDINET閲覧（提出）サイト（{url}）をもとに本サイト作成
www.boj.or.jp,quotable,central_bank,yes,出典：{publisher}「{title}」（{url}）,{publisher}「{title}」（{url}）をもとに本サイト作成
www.mof.go.jp,quotable,government_statistics,yes,出典：{publisher}「{title}」（{url}）,{publisher}「{title}」（{url}）をもとに本サイト作成
www.customs.go.jp,quotable,government_statistics,yes,出典：{publisher}「{title}」（{url}）,{publisher}「{title}」（{url}）をもとに本サイト作成
www.e-stat.go.jp,quotable,government_statistics,yes,出典：{publisher}「{title}」（{url}）,{publisher}「{title}」（{url}）をもとに本サイト作成
www.federalreserve.gov,quotable,central_bank,yes,出典：{publisher}「{title}」（{url}）,{publisher}「{title}」（{url}）をもとに本サイト作成
www.jpx.co.jp,link_only,other,no,出典：{publisher}「{title}」（{url}）,{publisher}「{title}」（{url}）をもとに本サイト作成
www.release.tdnet.info,link_only,other,no,出典：{publisher}「{title}」（{url}）,{publisher}「{title}」（{url}）をもとに本サイト作成
www.nippon.com,snippet_only,news,no,出典：{publisher}「{title}」（{url}）,{publisher}「{title}」（{url}）をもとに本サイト作成
www.oanda.jp,snippet_only,news,no,出典：{publisher}「{title}」（{url}）,{publisher}「{title}」（{url}）をもとに本サイト作成
